start.p,end.p,type,nexons,start,end,chromosome,id,BF,reads.expected,reads.observed,reads.ratio
25,27,deletion,3,89553,91106,chr1,chrchr1:89553-91106,12.4,224,68,0.304
62,66,deletion,5,461753,523834,chr1,chrchr1:461753-523834,9.82,363,190,0.523
100,103,duplication,4,743956,745551,chr1,chrchr1:743956-745551,7.67,201,336,1.67
575,576,deletion,2,1569583,1570002,chr1,chrchr1:1569583-1570002,5.53,68,24,0.353
587,591,deletion,5,1592941,1603069,chr1,chrchr1:1592941-1603069,13.9,1136,434,0.382
2324,2327,deletion,4,12976452,12980570,chr1,chrchr1:12976452-12980570,12.1,780,342,0.438
2363,2367,duplication,5,13328198,13352741,chr1,chrchr1:13328198-13352741,11.2,262,524,2
2373,2374,deletion,2,13379151,13381238,chr1,chrchr1:13379151-13381238,7.04,94,34,0.362
2410,2410,deletion,1,13634723,13635280,chr1,chrchr1:13634723-13635280,8.58,96,16,0.167
2634,2636,deletion,3,16058847,16059224,chr1,chrchr1:16058847-16059224,5.45,262,150,0.573
4263,4267,deletion,5,24287932,24301561,chr1,chrchr1:24287932-24301561,20.1,104,0,0
4451,4461,duplication,11,25599041,25655628,chr1,chrchr1:25599041-25655628,27.3,463,914,1.97
6746,6748,duplication,3,39987050,39988155,chr1,chrchr1:39987050-39988155,8.28,314,582,1.85
6813,6816,deletion,4,40229386,40240129,chr1,chrchr1:40229386-40240129,30.4,393,102,0.26
7262,7263,deletion,2,43610031,43610969,chr1,chrchr1:43610031-43610969,5.87,48,12,0.25
10060,10065,deletion,6,68509055,68509615,chr1,chrchr1:68509055-68509615,11.5,223,106,0.475
12416,12417,deletion,2,104202984,104203299,chr1,chrchr1:104202984-104203299,4.91,181,92,0.508
12931,12936,duplication,6,110231297,110236368,chr1,chrchr1:110231297-110236368,9.6,278,450,1.62
14281,14285,duplication,5,142815919,142827236,chr1,chrchr1:142815919-142827236,12.7,1078,1696,1.57
14847,14872,deletion,26,146219129,146244718,chr1,chrchr1:146219129-146244718,29.4,192,28,0.146
14877,14879,deletion,3,146250792,146253111,chr1,chrchr1:146250792-146253111,5.07,177,110,0.621
15186,15194,deletion,9,147850202,147909057,chr1,chrchr1:147850202-147909057,15.7,93,2,0.0215
16280,16280,deletion,1,152573269,152573493,chr1,chrchr1:152573269-152573493,4.49,22,0,0
23032,23039,deletion,8,207718655,207726325,chr1,chrchr1:207718655-207726325,17,184,74,0.402
24890,24893,deletion,4,228565192,228566576,chr1,chrchr1:228565192-228566576,6.67,208,120,0.577
